{
  "version": "2021.1",
  "applications": [],
  "platforms": [
    {
      "name": "mpc_dc_motor_2_hw"
    }
  ],
  "systems": [
    {
      "name": "mpc_dc_motor_2_sw_noip_system",
      "platform": "D:/Users/juanj/U/zybo/MPC/DEMO/DemoHLS/vitis/sw/mpc_dc_motor_2_hw/export/mpc_dc_motor_2_hw/mpc_dc_motor_2_hw.xpfm",
      "sysConfig": "mpc_dc_motor_2_hw",
      "buildConfig": "Debug",
      "applications": [
        {
          "name": "mpc_dc_motor_2_sw_noip",
          "platform": "D:/Users/juanj/U/zybo/MPC/DEMO/DemoHLS/vitis/sw/mpc_dc_motor_2_hw/export/mpc_dc_motor_2_hw/mpc_dc_motor_2_hw.xpfm",
          "platformPath": "D:\\Users\\juanj\\U\\zybo\\MPC\\DEMO\\DemoHLS\\vitis\\sw\\mpc_dc_motor_2_hw\\export\\mpc_dc_motor_2_hw",
          "sysConfig": "mpc_dc_motor_2_hw",
          "domain": "standalone_ps7_cortexa9_0",
          "system": "mpc_dc_motor_2_sw_noip_system"
        }
      ],
      "platformPath": "D:\\Users\\juanj\\U\\zybo\\MPC\\DEMO\\DemoHLS\\vitis\\sw\\mpc_dc_motor_2_hw\\export\\mpc_dc_motor_2_hw"
    },
    {
      "name": "mpc_dc_motor_2_sw_system",
      "platform": "D:/Users/juanj/U/zybo/MPC/DEMO/DemoHLS/vitis/sw/mpc_dc_motor_2_hw/export/mpc_dc_motor_2_hw/mpc_dc_motor_2_hw.xpfm",
      "sysConfig": "mpc_dc_motor_2_hw",
      "buildConfig": "Debug",
      "applications": [
        {
          "name": "mpc_dc_motor_2_sw",
          "platform": "D:/Users/juanj/U/zybo/MPC/DEMO/DemoHLS/vitis/sw/mpc_dc_motor_2_hw/export/mpc_dc_motor_2_hw/mpc_dc_motor_2_hw.xpfm",
          "platformPath": "D:\\Users\\juanj\\U\\zybo\\MPC\\DEMO\\DemoHLS\\vitis\\sw\\mpc_dc_motor_2_hw\\export\\mpc_dc_motor_2_hw",
          "sysConfig": "mpc_dc_motor_2_hw",
          "domain": "standalone_ps7_cortexa9_0",
          "system": "mpc_dc_motor_2_sw_system"
        }
      ],
      "platformPath": "D:\\Users\\juanj\\U\\zybo\\MPC\\DEMO\\DemoHLS\\vitis\\sw\\mpc_dc_motor_2_hw\\export\\mpc_dc_motor_2_hw"
    }
  ],
  "others": []
}